{"cameraMode":{"drawMode":0,"name":"Shaded","section":"Shading Mode"},"sceneLighting":true,"audioPlay":false,"sceneViewState":{"m_AlwaysRefresh":false,"showFog":true,"showSkybox":true,"showFlares":true,"showImageEffects":true,"showParticleSystems":true,"showVisualEffectGraphs":true,"m_FxEnabled":true},"in2DMode":false,"pivot":{"x":-4.7505083084106449,"y":1.5383663177490235,"z":-2.6551079750061037},"rotation":{"x":0.10848920792341232,"y":-0.8859766721725464,"z":0.26097962260246279,"w":0.36788904666900637},"size":6.910279750823975,"orthographic":false}