{"cameraMode":{"drawMode":0,"name":"Shaded","section":"Shading Mode"},"sceneLighting":true,"audioPlay":false,"sceneViewState":{"m_AlwaysRefresh":false,"showFog":true,"showSkybox":true,"showFlares":true,"showImageEffects":true,"showParticleSystems":true,"showVisualEffectGraphs":true,"m_FxEnabled":true},"in2DMode":false,"pivot":{"x":1.9052813053131104,"y":1.7686911821365357,"z":4.568386077880859},"rotation":{"x":0.09033335745334625,"y":-0.8860877156257629,"z":0.1947200447320938,"w":0.4111078977584839},"size":0.4185427129268646,"orthographic":false}