{"cameraMode":{"drawMode":0,"name":"Shaded","section":"Shading Mode"},"sceneLighting":true,"audioPlay":false,"sceneViewState":{"m_AlwaysRefresh":false,"showFog":true,"showSkybox":true,"showFlares":true,"showImageEffects":true,"showParticleSystems":true,"showVisualEffectGraphs":true,"m_FxEnabled":true},"in2DMode":false,"pivot":{"x":329.5315246582031,"y":271.907470703125,"z":-285.2757263183594},"rotation":{"x":0.08387822657823563,"y":-0.02773945964872837,"z":0.0028605919796973469,"w":0.9962545037269592},"size":120.19329071044922,"orthographic":false}