{"cameraMode":{"drawMode":0,"name":"Shaded","section":"Shading Mode"},"sceneLighting":true,"audioPlay":false,"sceneViewState":{"m_AlwaysRefresh":false,"showFog":true,"showSkybox":true,"showFlares":true,"showImageEffects":true,"showParticleSystems":true,"showVisualEffectGraphs":true,"m_FxEnabled":true},"in2DMode":false,"pivot":{"x":-126.19036865234375,"y":-0.4789857864379883,"z":4.9568963050842289},"rotation":{"x":0.09033335745334625,"y":-0.8860877156257629,"z":0.1947200447320938,"w":0.4111078977584839},"size":6.7626776695251469,"orthographic":false}