{"cameraMode":{"drawMode":0,"name":"Shaded","section":"Shading Mode"},"sceneLighting":false,"audioPlay":false,"sceneViewState":{"m_AlwaysRefresh":false,"showFog":true,"showSkybox":false,"showFlares":true,"showImageEffects":true,"showParticleSystems":true,"showVisualEffectGraphs":true,"m_FxEnabled":true},"in2DMode":false,"pivot":{"x":-1.5299999713897706,"y":0.8000000715255737,"z":2.2200000286102297},"rotation":{"x":0.12363527715206146,"y":-0.7975574731826782,"z":0.1747397780418396,"w":0.5641069412231445},"size":0.9273182153701782,"orthographic":false}