{"cameraMode":{"drawMode":0,"name":"Shaded","section":"Shading Mode"},"sceneLighting":false,"audioPlay":false,"sceneViewState":{"m_AlwaysRefresh":false,"showFog":true,"showSkybox":false,"showFlares":true,"showImageEffects":true,"showParticleSystems":true,"showVisualEffectGraphs":true,"m_FxEnabled":true},"in2DMode":false,"pivot":{"x":14.717050552368164,"y":4.871832370758057,"z":-19.185136795043947},"rotation":{"x":0.3014964461326599,"y":0.08783693611621857,"z":-0.027380427345633508,"w":0.9491925239562988},"size":10.069398880004883,"orthographic":false}